Payouts Payout Currency,AED,AUD,CAD,CHF,CNY,CZK,EUR,GBP,HKD,JPY,KRW,MYR,NOK,NZD,PEN,SAR,SEK,SGD,THB,USD,ZAR
Transfer Dates Guaranteed Week,Money Moved Total Money Moved (USD),Money Moved Total Money Moved (USD),Money Moved Total Money Moved (USD),Money Moved Total Money Moved (USD),Money Moved Total Money Moved (USD),Money Moved Total Money Moved (USD),Money Moved Total Money Moved (USD),Money Moved Total Money Moved (USD),Money Moved Total Money Moved (USD),Money Moved Total Money Moved (USD),Money Moved Total Money Moved (USD),Money Moved Total Money Moved (USD),Money Moved Total Money Moved (USD),Money Moved Total Money Moved (USD),Money Moved Total Money Moved (USD),Money Moved Total Money Moved (USD),Money Moved Total Money Moved (USD),Money Moved Total Money Moved (USD),Money Moved Total Money Moved (USD),Money Moved Total Money Moved (USD),Money Moved Total Money Moved (USD)
2020-03-16,0,1232570.2123437268,8800841.732967721,170312.6983324656,496.11371791,2877.2744000000002,348514.4167417133,1238464.9301711454,594708.7785786055,336581.889430119,,152865.2743735461,4708.0059650421,104728.24535816547,,,3926.620835142,351260.96495226637,,4192342.672592767,0
2020-03-09,37800.680790194005,3920020.051510064,17242439.30653718,339715.35410871316,4924.00571509,5921.2804234,1078582.207524249,3621081.8035530513,979580.3122007357,1981987.3510352687,,243694.8550021796,11069.05999287048,287239.5205685835,,,1920.01624669,607925.6698436267,,12345877.715610862,
2020-03-02,26199.047008848,11439023.419182312,15930632.56136871,229205.96874946813,29083.394059358936,233.84770747317998,1335874.4460402937,4274276.372254553,771391.3311816565,3639012.4088781727,,313919.8034228277,12013.42548377616,658843.963431494,,,2479.374378435,583915.8007646216,,13108271.183602137,
2020-02-24,39940.74342094564,10622331.987323333,17278785.988096345,277510.01471453207,16224.60228696132,463.16200218,1601586.5500947186,4244414.150653412,1536194.830607335,5150465.004205354,,457812.7860604066,38263.467880601434,1224212.4832992398,,,9908.231095497998,664439.4050695117,43686.9641048739,15973011.815491855,0
2020-02-17,25718.992549333998,7550856.4291153485,13230444.68987835,273403.6530853361,23392.773181288176,,1670586.1220027297,4304430.13722671,936831.6583301625,3446469.8671462694,,463999.84803170135,29867.0800961307,1003491.0398399363,,,2055.0948129529997,419989.5982830424,,14537865.159596425,
2020-02-10,57075.3574690215,8414855.626773244,15039186.5021138,530481.0395895859,31626.27658546657,,1578720.600651686,4903424.827255735,784440.3618746146,1338502.4650611584,2024.112695,328595.25895350636,19568.046103444918,1136074.8821282603,,,6065.063334654,305932.8013763692,,15369625.36363049,
2020-02-03,70643.15871408599,6081532.564965146,16791425.676511128,304241.60458375886,10513.5267343415,,1534420.0880543876,5323823.318882991,1870540.7460567402,1526164.5877026618,6439.00092,290645.17954639567,22430.52199683179,1274216.5751748194,,,11309.659686824001,476444.6053844467,,21356860.88631029,
2020-01-27,77210.619581368,4602692.186587915,15903951.831273656,325785.79992455465,27330.082731031,,1611378.9603135465,4518465.4881176315,1315674.4984317492,932737.6053846078,,351935.3367526785,31750.885474854163,1220646.9548730412,,,11223.848759325,352829.8851913877,,26255364.01413035,
2020-01-20,59912.95583938573,5949995.4855507305,17110606.610712435,338129.0130423624,68624.88215728481,,1536624.780251813,5981953.195162677,803202.3796263281,1177509.632592538,4288.197565,515992.7180335992,46294.778384208366,1365402.024294778,,,54841.546856577625,296069.68463869346,,44151816.99251089,
2020-01-13,88223.88848779394,6845977.961428902,13383463.128496557,363281.92741952866,63798.26407786935,,1689501.40940766,6939626.666311751,504383.6740529022,1339878.137746533,2664.8940399999997,598057.8630528011,20598.20943404252,2287967.257106213,,,59718.67415065631,333710.3428102851,,68180004.29237385,
2020-01-06,44888.767934612,5272098.759558051,13667348.75828966,201677.12927186655,202873.24335183745,,1713815.3772852274,7728477.783368516,466146.34917220013,1184117.3849199214,2009.3430700000001,819416.8233720271,18650.77022171,1439839.0320808503,,,78862.367256844,509348.2277695766,,96301695.59932227,
2019-12-30,171244.928771966,2759953.112010269,9905932.12221278,120918.19037537779,327857.2313330569,,1307254.2509722062,6462599.7179487515,636505.8917277677,773845.8181261042,,707174.7398581748,436.84925211714,927340.2747889247,,,35166.09003019,753103.9443773589,,80495047.2077731,
2019-12-23,165205.39710899198,2837776.67423616,11072309.287820037,329897.29382750514,345131.6169491265,,1062308.8966667135,4606515.625335089,470102.1702446207,1088966.7070083516,,441466.5709860909,5046.600546275,683519.9252160691,,,16642.484685,548907.6428799415,,53274292.94941792,
2019-12-16,94490.674065326,4228310.922384758,13415279.7303208,523590.97298503877,88020.97567637687,,1318528.9692269897,5349788.179777243,354426.9147314084,1491441.3845835205,,306507.55227855075,29817.02297943882,1297614.3797951955,,,14253.652797499999,924442.4196952123,0,55163172.64157546,
2019-12-09,92562.64138723139,4168115.706122983,11974012.507780727,351802.3609332102,43821.7895402249,,1256183.5334682344,4880613.024109385,439227.25206506834,1725029.1940855607,,346258.23379383073,16709.906345882602,824303.2606771183,,,4570.7218275,842990.2534184996,8636.98891382203,45076748.68703439,
2019-12-02,20885.228076678002,3778259.1310866848,10637055.664191477,453761.51603186247,16515.912035367302,,1471004.3509854495,4244404.471745851,364686.159690204,1951603.400862328,,273731.3297829569,30310.4138605048,623167.0613866824,,,11596.188402,547984.7678608638,,30465660.80185135,
2019-11-25,20408.985734256,4086094.406201955,9683564.421826927,1052707.4009187934,,,1393649.886994095,4213393.85321987,311522.97330464266,1476593.1396764633,,324383.75522672536,22980.12383584178,900701.1919820296,,,4580.81173697,458079.78363981395,588.362114844,24179631.611981053,
2019-11-18,39342.9136038743,4246816.936340935,10429405.748638654,577133.180944735,25455.369221789635,,1218749.0160658723,3619817.708330549,95967.12317104409,1725997.6177245867,,272039.85784170555,39566.658105232236,425278.6918798538,,,38585.161830929996,417971.04920581507,5729.45637212707,16774362.044413315,
2019-11-11,44489.2308339626,3313149.468721077,13445776.078259673,515894.72401023837,31347.9525285997,,1255625.475926162,3421693.573710802,74540.18521378672,1766873.3941923887,,155654.9530703282,12644.47122046691,480264.9799803498,,,92835.47708300801,432150.6943353434,2493.24190460704,10946481.240956197,
2019-11-04,,2850655.480902767,15739267.343116915,393715.43921874446,35700.05996628391,,1369442.1153256835,3855834.976449756,82601.81460985001,1840442.1125674117,,231036.87698006973,18718.03637979618,341677.96659263456,,,100614.67054911902,571116.5990129733,,7930576.32237477,
2019-10-28,23170.864567409997,2113895.1133871595,11549931.776877226,323260.1999223032,16916.99546861102,,1450668.686090666,3142403.0445793746,54634.86685634774,1618943.2326289085,,125389.50624452069,18947.33078268978,278688.8639615609,,,100687.854127844,356710.4320388303,,10714456.434830625,
2019-10-21,31999.6732936664,2117636.6395200263,14757527.260520307,438725.57257988333,,,1361443.0635297291,3834795.640225414,81363.20469946013,1728776.1857897784,,186128.5160175576,43376.566446306,183743.39134847675,,,144201.883891201,427293.5554416039,4817.09916124106,8223547.240819982,
2019-10-14,46997.277127605004,2035406.7714349544,16063785.571690785,116620.68576945296,1743.04298764183,,1155209.7576136992,3886642.2378618326,191680.81117464206,1055108.3102069881,,162896.44716817222,13015.12477626792,137667.9098631626,,,44390.77285949999,443807.41064319503,3737.8210787259995,8149033.651482866,
2019-10-07,28429.87887050094,2301760.63387181,17406801.521195326,163214.80103414232,44074.82399713606,,1486338.4009850407,5087359.340542629,2003337.9239047044,688392.712943193,,153956.6550741837,16875.50573411134,163440.02932065242,,,14676.477918178,453088.58251038386,1967.1697565533998,9620993.408680072,
2019-09-30,58538.597770673994,1508836.7798884967,12844462.7786453,212556.5649309212,29290.369668307932,,1835087.7763371316,5058649.972663754,1458275.4284610597,468797.09854826605,,123826.31598450184,31640.81461625502,16934.775819379996,,,,252195.49545806492,2339.30312610722,10695796.314108318,
2019-09-23,55987.008931018616,2712496.942793767,16862721.33349262,251888.51749112326,19906.29633688907,,1919852.1491607646,11557689.330604272,1197663.342643177,681784.3345478948,,243757.52888998308,28399.779526437287,156901.5244927118,,,,432728.6108826249,2528.7204792033,17431102.030997097,
2019-09-16,101771.04439586448,2811425.258453155,15019727.719775079,180137.90552620002,6517.98042736174,,1619007.0370733365,18670060.846322246,264992.7133725859,902687.7949469322,,296231.3656832491,33293.5116594382,192912.72113589806,,,8808.3708875,403514.78805591224,,24528715.20062905,
2019-09-09,82821.375205597,2354860.45075893,15934116.085255899,42393.826508528546,38047.13562300596,,1696780.3067427564,18193481.665035322,396840.50084487774,1373734.3960344382,,244553.8089623722,15843.315033102741,138599.6847507524,,,3924.983178,275016.8969835012,4513.84291816,34950276.877601035,
2019-09-02,55110.95991681001,2597603.4348760466,14055874.026122812,91821.324123145,7805.9732879718,,1466037.1932277658,17623594.14352139,274029.1441335651,2319256.5875925347,,491605.534731403,12201.86384994606,217946.84122239862,,,,336222.9874606704,,39343934.03007334,
2019-08-26,181550.26575088128,3098845.272956192,15362218.2310768,303044.7350797751,38680.559906795184,,1991902.8637700456,15316447.423109936,246247.1592076144,4306248.462887008,,438177.6780339645,31429.31337564833,165964.41425521998,,,9271.4699125,401430.6730937145,360.47522398492,61374652.92914077,
2019-08-19,118413.64482852058,3218079.5330073023,14200958.98675717,82727.17283169547,47892.1292515679,,1298007.367352897,12523924.82832012,392793.85993423796,1962934.198859553,,581146.0727124248,36296.05289400365,263594.2542010081,,,3359.4839525,478268.99257886736,,76411352.80420355,
2019-08-12,125107.692489724,2539243.655986466,8587832.9310579,138972.83445304,152959.72033371593,,1362452.2514127828,8189024.776789924,635630.3958938645,744392.5495943828,,379410.3094688878,20384.961067605593,173615.6648139581,,,25703.54050625,456597.7657041014,1084.3541116839199,71295040.03999999,690.144490432
2019-08-05,53021.919750394,3791751.7312925975,7737313.2652453445,49712.425962060006,448590.73790496396,,1422812.0154916376,7778835.104873789,365935.5050180256,934866.5542385447,,482318.4856043831,16548.81717330739,275922.78625567455,,,,332438.955623667,1083.2519010788,89337547.93876447,722.86843167
2019-07-29,255901.69948738124,10329151.619933408,5916914.734562643,75949.24862287498,515424.4961192508,,1602303.70174977,7900582.657275402,227939.65309915095,582797.970381195,,489696.638026442,17279.51719203565,232556.16855408894,,,2592.785525,565034.9547291923,,105005261.41340397,
2019-07-22,139403.267731763,15793240.325364979,7279996.740717053,164038.465300819,169896.47694629396,,1392598.6394186164,6722691.1966647105,161243.63871102364,655215.3533439143,,303904.2973509531,27685.0446488025,451988.00356284453,,,,559888.2207326184,1482.308230896,87478020.59802818,
2019-07-15,62169.05659147707,9596716.849919286,6826378.8220798485,154689.2541469954,79002.5777820076,,1455657.812045092,5875449.283608338,226066.22142805377,440717.5852221339,,268942.5484815691,16269.09,957757.4021582769,,,11251.867526000002,515610.05144742056,2495.46706509006,60497368.81102068,
2019-07-08,56019.4146492414,8447579.160456175,7936254.452866314,251603.1680464909,29503.5751311,,1702379.73300054,6315242.463809616,429767.1918057895,452881.346456664,,165495.7488644725,19693.30329116427,591026.3658586448,,,2796.979176911,618838.5865268236,1144.54199499847,37843669.13806141,
2019-07-01,123117.31535953052,6964079.623455375,7867762.065717127,355036.4392755366,2432.0058864999996,,1593253.2022767141,8669298.304857094,582500.6824561564,402909.97815647995,,176783.34815226067,26220.105147964252,535460.8189780625,,,11939.353693500001,458539.05209264095,2277.39946941516,25725204.271202873,
2019-06-24,84157.16281816004,4804090.625892162,10116524.813379303,227520.40023141142,17973.000443735997,,1548339.172316068,8757803.19314958,456125.1240946185,537424.32792748,,130763.89966017011,15761.64182102922,399879.28431866434,,,28312.698346420002,615468.4782344679,4111.947447741981,25145689.19829847,
2019-06-17,26940.77607732,4177292.3655457566,11843943.28581538,649862.0854451939,2254.88610598868,,1331325.4254238128,6577231.797143729,240412.27360195215,588574.601018675,,198810.69464508773,31554.690151172836,340785.6538227263,,,11732.67079218,403380.28872302163,,15711161.075285377,
2019-06-10,44384.204285137224,5024854.617712853,15173775.518419594,1531910.7240706019,3603.68229342,,1578461.8681943356,7104221.485195357,101567.30751441685,812707.6164641043,,140391.61099603056,11767.744387619328,407656.04503194033,,,30466.517579271997,206966.49969809916,1025.58524098524,17036299.64743951,
2019-06-03,114086.13222862297,4327581.182683062,10376413.256097006,518563.50438578066,13878.410042868001,,1414461.94101899,6646677.700838069,99424.90280202647,993730.1121670151,,128831.8350048638,20179.874860101252,336463.1035183782,,,32050.01510596,188876.96194720198,7955.581528211561,14399046.972882306,
2019-05-27,96460.00286329008,4283375.259641117,11764999.324196957,701546.4766391745,33341.203557484005,,1856341.0652013652,7889985.624119945,90549.83244544646,2379028.929963724,,168185.5973955171,12630.689399073919,763918.176382332,,,78494.63670908399,216066.5780462028,7023.62938751581,17631107.279382262,
2019-05-20,49144.179785595996,3352338.9229159565,11335683.787602238,370064.05099534587,12614.93262620724,,1397481.7383338346,6677118.053002352,129347.18440213906,1294312.770614518,,127992.93032418743,26476.80810064045,1602145.6532313684,,,27759.04538414244,215132.22806500987,5814.79696319759,16356973.756133959,
2019-05-13,32432.855050593476,2842905.626674651,11112793.696595285,223918.35727737105,48029.07910965584,,1197170.5080061234,5877019.84341293,84446.30789301958,485098.82241155196,,200104.0195566434,14085.21676470808,312069.24022362457,,,84657.972338142,236079.03738867003,4296.324954238329,17560586.809267644,
2019-05-06,25370.183835415995,2098658.8624793706,9609001.268151728,286014.18187336973,72934.97027420004,,1167177.8833914043,5116874.126337432,61899.698686291245,538516.114303485,,207488.44401140983,20741.74780555218,280628.4009346563,,,96650.98201574599,169169.9283416923,2536.3852132113802,16724707.577419056,
2019-04-29,38663.036135220005,1903877.2281956612,6829316.242903136,312495.46122060914,28893.712237092,,1346614.8068336714,5648528.858749861,85265.6051995145,271695.8222347349,,204084.4039443833,18721.35884131595,157347.941110721,,,89564.24878066602,178239.13341266185,5100.9009973921,15106305.916958733,
2019-04-22,33498.706651871995,2080899.4635659123,8871457.07824075,175249.1000307559,33156.4158989055,,1673403.5635776385,6143457.974751602,98641.57743001272,459851.84518009715,,304470.135113148,18520.872735203782,135567.5270890448,,,18348.8345525,317563.9827178285,2062.23325388487,16608884.67542847,
2019-04-15,31840.648106232842,2187749.1305907383,5786862.744481805,193497.02355013,10349.505651909,,987778.4912534565,4677907.316662429,69549.1180690624,412591.437382868,,238360.6335393684,5421.719404991999,238441.05378430776,,,23097.652866018,391399.68419565004,5652.81910308993,11997750.505035074,
2019-04-08,14574.54052495,2232321.2487503365,6834680.220836996,105941.51018243907,4762.4956396,,1080944.2721512339,4851613.271124708,94965.4397363176,357588.655834664,,181526.86145251436,15967.70789578151,166586.98517970886,,,49172.301797832,370236.0909034037,1105.86220872072,13214489.15936407,
2019-04-01,44235.613406772616,2253014.2335601305,5933515.155316979,128339.0575339741,40366.7579382749,,1112482.5611265826,4340454.529199963,75815.4555043037,362390.14757773007,,163880.90948777949,24128.78121467942,105335.1929092007,,,24208.307535,378025.37279371073,2099.51270145952,11744623.21763199,
2019-03-25,125518.61148283377,2683677.661580423,7030529.168122343,163393.23259690622,6163.97665196095,,1509762.2704248035,4824904.647364425,204688.53143364476,508053.6768923849,,141150.24645069428,24031.550456359,157620.60894674214,,,25949.65104,422914.41263817105,4933.873122512,12521361.146730045,
2019-03-18,104783.66250780398,2663074.022542092,7039212.824987631,85784.09803112081,8148.57999164304,,1184730.1414417133,3704021.6836558534,158974.04526805552,827980.8504655203,,87852.29021658115,23885.56225319376,127709.99487940264,,,43400.473415,381180.5461514272,3893.11887257384,11647767.671156142,1384.77154
2019-03-11,7706.739289634,2941163.9114591554,8275124.387266129,94088.66247279437,2973.0038919156004,,1271603.6484227714,3295128.676646059,109225.60766401557,924740.2167945697,,94619.39847373738,27971.16339548394,158837.88088802376,,,,344088.9218146273,1052.43293355972,12134225.421349917,
2019-03-04,28574.268251242,9278497.15857493,7033750.085627135,95870.075176373,6458.8092774635,,1284370.809065368,2859235.4708564705,246337.0746527133,1921319.634409869,,88787.65728513578,25935.260698159258,324662.7757813531,,,,447670.69721157395,1813.335413,12375740.753409946,1119.4299273414001
2019-02-25,15344.315883456,9393764.438803637,6568880.108154079,76845.98495884803,16518.2995282279,,1285229.2093258789,3280480.939189096,689415.7511611463,4061325.891362114,,150414.6442891079,20164.77792159476,504456.2078503752,,,,421577.63105452934,1037.0643923988498,16163791.183912387,
2019-02-18,82343.907539824,8024065.779329453,4747296.18699315,120505.37261770993,12060.254312449451,,880267.2108876428,2781110.0684506185,491301.6255804728,2416077.769351446,,202167.19058410983,27629.599702775635,594277.9446523157,,,,546976.5392383736,587.59465345,11909074.357668493,
2019-02-11,16495.575245239997,9555853.832164947,5930790.083936077,175297.98989867352,3183.69706448,,1019006.9613786932,2959039.759854752,273332.4240405934,773646.6649017889,,174626.76814454273,11035.7826676384,1426174.1537614965,,,9201.811969999999,253125.3958642153,1935.07416432255,12938940.321750255,
2019-02-04,18530.5105783574,5030305.044530714,4451839.411755682,80191.85104735,36431.45648664515,,892999.7162078772,2623055.2084624274,11679.9026113011,500409.2983798189,,112155.79159753342,27701.22058723937,938565.5483349574,,,3496.7425025,247065.31320429753,584.3340377834401,13345154.473760413,
2019-01-28,41103.607956333995,3764313.3518813336,3831600.5508390414,152041.1595886682,29702.289322683177,,1305476.5105233788,4015196.178237523,194838.74811892796,480155.309021794,,112493.78922928963,19840.8081813988,1001412.7171748335,,,,298051.8296034252,3010.55882719469,25281696.627075735,
2019-01-21,18181.157276283397,3579480.221554182,3872291.6641447055,135787.40635512696,17144.789693068997,,971383.4570239705,3545009.4024617844,560538.0120393949,394711.8123667368,,97051.66608169599,20963.804321341802,661280.2604879403,,,13282.3150575,309733.2833115739,2481.438139461,34577141.11530356,
2019-01-14,27660.223321389258,4950790.840227194,5762673.10557865,68614.248738773,32686.075495572768,,1007343.3130271339,3538985.7847424867,439766.61762280174,348945.781984679,,368299.5863984118,22451.627079608632,698496.2342050319,,,11215.869376999999,300224.81857254036,3450.24303371008,54026732.03846637,
2019-01-07,92816.337779704,4131004.9872721382,5569019.154902622,165382.3506657974,90553.37797058672,,1096858.6019305065,4785950.940574135,128311.10404744063,345754.78674902796,,175536.38565939674,19341.086539966702,872322.9244501577,,,16346.790968499998,231137.26557873227,1034.6363620068,72576368.39963682,1238.94952894984
2018-12-31,31536.010937647996,1922735.0984390709,4078629.479370385,50206.7782781983,251022.2427954326,,1005738.7311093804,4009968.3569887322,130092.68563517187,161760.28989074007,,105494.81781392968,11804.91936273596,264471.63814416097,,,42099.2891285,314573.7291638786,2467.50896216493,72983550.43957272,
2018-12-24,101999.36842614903,2009666.8792280115,3150818.9662172636,45489.66499262804,202111.681370748,,736435.4183998575,3532150.192835424,162163.21671617197,234143.19255654502,,82540.82209795408,2225.49,386828.77561594476,,,13779.3487855,341828.9660679912,2337.45560251505,48825532.63069439,
2018-12-17,178775.84777543534,3187628.6485133437,4832184.063979402,134263.02135302077,66485.89062052722,,965051.3942650013,3942452.654655757,126024.5411937564,591414.6487560291,,130499.54334234334,24905.77939012043,466799.09817532805,,,6036.423055557,424551.3368275439,1647.12915546893,39337652.92471027,
2018-12-10,48963.104223726,3236574.196630468,3658132.573176223,113951.6495301091,37328.71946198525,,906573.7225333485,3273178.155083027,13959.556439755112,574445.233049815,,49100.841627824375,6589.58,355011.6738187995,,,,399213.41085048753,,36651117.21310866,
2018-12-03,30688.904060989997,3104983.4773663683,3316321.181751674,180864.7421519644,2010.386141736,,821919.6041329089,3307451.3913204945,29445.76545485034,600586.193662232,,24227.672602967592,8980.89453665038,377738.06870448566,,,9647.5014705,506714.417252643,3719.79045801396,27319375.584151205,
2018-11-26,63338.053189502,3376323.278687191,2991278.629377908,562195.7763852151,4156.833672086361,,914873.6984710431,2885753.981390733,12655.877195308878,561857.5602177259,,126853.64920773549,29007.906705247962,328217.7689411032,,,,167942.1199281071,369.38648089000003,22053405.651795585,
2018-11-19,69241.44053641683,3211163.3153179404,3391809.7409713767,276009.02246449253,13898.928057533001,,790542.3517663081,2425753.0703728558,15674.15018333812,471796.1457558148,,134922.38413799758,17525.12793504094,201678.8406686113,,,9608.0397495,134705.44521263771,,10962830.197062923,
2018-11-12,16946.221944330002,2979526.824921618,4863640.929555315,269725.7519563515,13698.23905627557,,829220.5215684777,2320929.598074476,37104.42854441711,768850.265159444,,79256.6065879129,7014.643665025,233165.78849577566,,,49856.798484285006,171930.8375596864,2816.7634273605,10187903.093697907,
2018-11-05,7990.8509306192,1941365.5223697522,5534258.798439155,223409.21477103888,37765.39942334948,,946379.7280001808,1961633.4698494202,30189.732210164944,543761.214564201,,40178.78297111849,14121.100655595921,244421.16727391887,,,98492.74905730998,146769.35582841426,1503.48682881204,6788052.848899009,
2018-10-29,12019.060602919999,1658623.8466222393,4500289.337929879,86001.95715834947,48054.45829322263,,1219894.727541635,2164118.656496066,32957.46265542904,262560.44004713796,,70503.80439501772,8011.42,139857.0881167386,,,62388.590996239,236879.02664032058,1006.8990671440401,9307230.307360012,
2018-10-22,18046.29001945,1773528.961940671,4313482.87028022,216454.272750699,27030.738428987148,,934892.6285298003,2706836.004505423,22847.66810944145,226540.11547291104,,55251.09473031617,17219.431463995177,80002.3771553231,,,50657.884831871,301168.2038445399,1541.46886702809,7882914.051768775,320.81036656
2018-10-15,14145.4595168376,1803426.7196544334,4861346.469735942,33546.16752033501,3266.1178028364,,990762.0620324847,2733957.9624616886,100510.18590972948,294819.8223357119,,16582.339211815004,4890,178485.91838888,,,48439.41915762601,299943.2188183153,2521.05538787636,6504262.978564085,479.75231288400005
2018-10-08,,1955254.714869174,4497971.862889079,35518.959784472994,18499.4873642544,,1153193.4081049045,3232384.417349649,1215177.6761988748,255655.95725416104,,23068.072560043453,10563.58645737869,103557.82084930461,,,9703.207439999998,178282.4875794295,553.4195520285599,7699869.919150732,5014.512483908
2018-10-01,8604.4928648,1330024.445007084,4799582.423213504,28397.500706623,7400.164826094429,,1320474.3453768443,3949085.287444705,637541.3516756387,288502.316338864,,71004.26970512475,7567.43739811325,21056.172322469523,,,,116086.62195323952,496.30980593759995,8477030.273474712,
2018-09-24,24942.1375448,2600625.8417297406,3820602.0963709317,34319.15845100899,14386.35079350335,,1255781.2188215882,7321127.76474855,514524.14192071283,370704.808516937,,52305.876369991354,8034.97484193533,78397.05570173316,,,,223203.11929860164,,14111701.857770948,
2018-09-17,11256.5146521849,1741278.5295330498,5036784.592898652,30898.195243775004,2911.378185,,1220588.630320158,12691176.023738494,106671.04962292023,362920.28605986485,,77783.36311761987,10965.47183823,70857.92688186202,,,,153248.41476792085,4509.032336496901,17524341.15054678,
2018-09-10,27461.8788690925,2062954.6414163741,6031266.40418972,36658.23631990999,3896.6576234999993,,1103002.9892107586,13838681.631692855,144187.53734582904,856542.811172769,,46486.801133899804,1433.742277496,99939.90435487854,,,1200.507747375,229273.37739763164,,27364244.245470382,
2018-09-03,60956.128066907644,2195257.522023199,5124892.586024861,105879.3615731968,35821.1739821,,1233868.7893382788,11683126.16253618,90001.41839370744,1152909.3325504197,,54991.77028810988,1782.68375485952,36327.991970003604,,,,206525.08203887372,1001.10544610661,29462566.83685696,
2018-08-27,96468.34595383999,2371608.2287673326,7257192.964549082,93644.032029754,,,992779.1929729028,10423534.881292952,41290.97677333189,2474163.974839875,,39339.496379051394,1438.69858724133,60506.6118939376,,,,163222.3983666314,1852.75030267382,48619405.19840659,
2018-08-20,110859.58355136195,2599784.073877984,4762479.116422065,161821.453607065,20027.343483117053,,876913.2123202534,8366616.596330966,26211.146438361666,1535188.1846942403,,31381.883047179297,4348.9323525,54188.7532184443,,,66.572769159,210909.89586426434,,56711776.06187101,
2018-08-13,74982.845582211,2304425.5152157624,4039938.6000447725,24786.02862466,85350.48106291842,,914488.799470273,7677707.564675506,6555.482706885001,552222.7649495777,,297498.20161402,2256.19,44128.10306003704,,,15771.184356500002,149134.5803268822,,68678953.88071907,
2018-08-06,82621.72918760742,3148445.740794759,4084109.080681499,5694.51606232775,334607.566023563,,778363.4008071081,6330911.689023132,39378.66785650642,345777.3859975062,,183418.73584708458,1880.18,107808.78399761494,,,25199.829365780002,282459.76523861935,,73864963.888265,
2018-07-30,118661.37525774419,6273971.9925362365,3659979.7220337335,185995.5046008109,228238.89096094412,,949128.1395324272,4994602.194936518,36990.19866168914,557661.67554135,,109620.7458434476,2122.01,81357.20706818665,,,4914.275649,175280.81026066374,,82440195.53243396,
2018-07-23,109345.11384187455,8965645.753239457,4066223.6268396834,14667.075985865,133753.56065962274,,1007557.4384612999,4462971.45097774,16633.675503230468,476651.38804721495,,171579.62327174496,,64925.00146743819,,,11852.556855,147151.42894613158,,73570302.28319019,
2018-07-16,43616.397612815155,6074962.611875667,4099283.6855140575,72946.15972193079,28208.904503341997,,1166047.6759544788,5050812.732190245,24129.86183879028,256033.40306461597,,6004.0052150816,,141622.91220801664,,,,150922.48392403813,289.050634322,53619308.53319286,
2018-07-09,56127.161415906,4188969.7628658856,4019609.9153969833,166768.46861038991,,,911625.0190988479,4230368.295766462,60361.494205055875,207584.0303747229,,9949.5666143993,,731453.8011211146,,,10628.760033004,76509.94991575422,,33430797.3425754,
2018-07-02,42197.685561738,5145458.30499095,4113164.670181495,53360.21730276001,1368.0173588896,,977512.7609435195,4354162.865110708,83689.44745239968,222405.205449958,,41664.61419038,,257562.87158001156,,,35.673101100000004,118917.58326444807,492.25271436291996,22970543.31463746,
2018-06-25,130938.9627500805,3916308.079622236,5383452.730251222,132973.872378388,2283.60931808,,1163213.6326102742,6163463.303565902,38595.41249520867,280172.47969531,,8142.111378494999,,137184.36339028808,,,,36479.649370130275,,20372567.41031875,
2018-06-18,26512.457492626003,3175307.4543358684,5797499.462058099,182829.78107709024,978.7400268600001,,772992.4618569714,4844350.906912634,20809.11787440824,222327.86610707693,,7930.503785724001,,260179.8576215969,,,,63176.29399290892,,14653417.187143954,
2018-06-11,16305.513978796002,4206180.211214887,8206728.6042127125,440164.2400736551,1586.0804821400002,,900896.3500621149,4343386.224387582,17694.60915696209,313064.67394736205,,4938.765485312419,,205192.7786841128,,,4994.553358515001,119777.26525715725,,13171713.48828777,
2018-06-04,111231.94298008615,3806117.263237908,6655832.201369331,345218.36269288644,1832.59534396,,991801.2083644592,4649394.078664107,19055.1864817819,535452.037463847,,4615.904506339,,242525.82026385312,,,4278.401860136,40117.49282374701,,10964976.431292096,
2018-05-28,204364.01935793506,3905974.737413161,4194450.996697034,254613.16711712503,36893.05056039636,,1362200.0808399708,4730037.23350109,27873.638844211004,1485595.8769740507,,48296.9358367386,,186562.26106738838,,,97749.76391759899,68249.78814490278,,14068224.900604734,
2018-05-21,149698.28748806287,3651045.912585756,4343770.762447771,126414.860739305,14915.810714112,,1319743.132983835,3905627.1644692165,15886.800859421659,960039.0778148591,,5803.218207384001,,163082.70061992816,,,187856.81112726295,29322.337257401723,,14630037.40148311,
2018-05-14,62255.71690474136,2922048.129814067,4339976.019030916,121660.30161936504,23847.804125,,1096315.5036666277,3872218.4803967783,46733.26357732267,209051.23774977404,,7168.2928179712,,167188.2873841214,,,79940.329799604,60640.51542482344,,14368387.86984037,
2018-05-07,24663.65694534784,2421817.919699586,4149169.5479884283,56587.736030882494,35456.7365270226,,949050.4992387281,3647686.240200167,34317.1373128727,266966.922403284,,3796.76701417826,,81224.63060974189,,,134246.213563169,27748.9909838565,,15034315.99025584,
2018-04-30,28230.633124806,1724472.1772187278,3435603.6791261453,71105.729840238,28162.63484973696,,965638.8270541257,3889861.829907753,27596.230359316272,188985.325330806,,1574.9420309957102,,105501.14272134578,,,48655.838052098,21694.6314922836,,11896727.07109878,
2018-04-23,34330.83735424,2134303.2313230694,4523988.791324065,57306.48944526801,8225.34022697,,762575.9565597464,3687497.1101493705,43213.5104313133,156971.7163737,,7407.991845340001,,90893.6447013892,,,53228.021757034,31773.10177642818,,14515588.185654007,2437.5887781499996
2018-04-16,30383.390105474,1839403.8406920708,3500179.6635456057,94805.91796623803,13484.791236895579,,790045.5459061888,3187652.195254028,33586.92502627701,179240.126059485,,18848.308968124828,,55757.35787086959,,,2782.2994435,18087.67429887152,,11060591.314105367,
2018-04-09,29165.41869458,1819792.6146994396,3335553.7435826957,57435.83841609964,3387.6143529672604,,719390.1675239775,3053408.661924999,34010.26968403622,247562.36537670903,,2860.7792696260003,,69933.45099686415,,,,9873.827734820201,,11031125.925634235,
2018-04-02,15248.468368,1623198.5584761566,2929199.01649015,61504.581839322505,7891.779064319999,,772898.5411696761,2684785.523787628,36431.656189504996,268080.89169861417,,7435.744017852,,15075.324589281,,,,29317.30309551166,,10314526.451597173,
2018-03-26,82409.258118544,1912758.0080515787,3009347.544300505,60288.6341679978,19680.596095319,,744517.2828350434,2313744.1879945355,29769.618786643245,283856.44094759604,,3294.916519915,,14534.0470047456,,,,72261.74551787364,,11012121.199981658,
2018-03-19,51208.713484992,1842590.6792475253,2595680.171817969,58142.91707366201,4487.917395388,,758849.7313640886,1999142.605070855,43373.80818940729,428354.385648484,,11219.6526509556,,79965.57242395487,,,,244421.39561695055,,11108105.019459223,
2018-03-12,41760.92586062599,1757038.4961364255,2519534.051140761,41485.16614940999,1804.7436342400001,,698545.5455061427,1941984.459248722,22277.808101392555,744606.2814403509,,11728.654373600002,,59267.53718312357,,,,87797.15615741849,,11132443.35402,
2018-03-05,37623.961933572,4295445.584176831,2526181.4770619995,34191.37851175604,6599.3117914800005,,711546.3254475112,2201407.3835845403,54418.51640955264,1269985.4879347219,,25509.032344523097,,45272.72638802044,,,,140325.7516821411,,9401501.515099257,
2018-02-26,2995.2348580000003,4226268.211650079,2225829.4399402165,87004.236207494,22571.97819344,,958059.4962728488,1859414.5385278072,281214.7367658706,2313379.6190332165,,41544.42795843299,,110928.68244151627,,,,218109.68256454493,,10853920.202679873,
2018-02-19,17804.220584108,5065593.466797255,1869964.1709054084,31923.39208570249,5470.05404497,,780759.7111472287,1487176.9761298655,106975.83171854181,1452496.5755935998,,104753.56531468722,,547804.6853415266,,,,191370.7270510963,,9434894.55490015,
2018-02-12,18365.418678866,4121228.6620319514,1851288.3118851788,98655.12711280998,546.8377164,,605007.4134173921,1321914.5011599993,44736.64872637233,297758.5397321,,63475.197748691,,252320.26425592016,,,,153827.69083834952,,9540869.873790022,
2018-02-05,24739.9319624772,5139370.424255529,1891131.891315571,96569.7509992905,2033.1790152000003,,633413.9061934365,1788475.6957898447,169861.38448118803,254638.60832313,,23060.658950155994,,335200.3800175252,,,,110031.07125412466,,11151725.685888788,
2018-01-29,11700.476531659999,3103458.0892550456,1957594.8999306085,125135.294300379,507.493929704,,801098.6963587379,2155006.513112327,54845.60095778058,231141.27060556397,,79447.9239565416,,245098.8206839008,,,,97348.51619341628,,19184269.142980646,
2018-01-22,50837.30708554077,3321896.180589296,2346663.611466794,120179.61513894107,53673.244929363005,,846984.2659310956,2310380.10898371,215592.05178790443,169447.44478183903,,26683.925477533998,,263850.7034464519,,,,29698.116895781994,,28908322.210172225,
2018-01-15,47670.415317828796,3680132.115559489,3090057.1965398905,201226.3801805855,10082.576772064,,703314.6747089118,2981713.196093467,83564.54250971218,112810.72950995402,,7582.49368629,,159717.54255684878,,,3395.8118375999998,61689.12709031412,,43715539.64834204,
2018-01-08,45065.214497156,3607353.483939172,3362399.279578005,32768.78997176556,90839.64661485143,,738586.1204736611,2730000.566173009,52690.56662075136,140512.83387909594,,2876.94030655,,72523.50241483707,,,11738.351865,26159.967552038404,,66256304.5240752,
2018-01-01,48053.179103273396,2152343.150463865,2437782.1697857417,28420.175603793203,141867.71866378692,,740554.1550242393,3001824.0875464682,64054.116021917296,83823.64584254999,,1.24398348,,31142.88623868395,,,5342.588406649999,23571.177378674998,,67399744.06910895,874.0594094490001
2017-12-25,98980.6944939148,2061011.7147317065,2125819.6807435565,39360.23469495121,99315.61168796715,,557860.550681838,2255576.4664548826,26634.31423529783,87119.40068428,,862.9391391500001,,191661.03357110114,,,,87958.23180678149,,51908699.38250187,
2017-12-18,30365.963284481997,2966587.7887135744,3020169.1591857416,65939.24680394599,40716.22760428734,,650728.3636445876,2185906.9004557547,9098.83644921887,255416.83984868502,,4036.8639135,,128991.46034211986,,,,131439.79524017478,,35900028.42564734,
2017-12-11,46382.57324652,3059810.8862950327,2754739.4892657055,136303.74616885447,49768.69990066367,,459966.25098641595,1792842.4790867604,9748.885601035541,238595.33127712997,,,,75337.5917152736,,,,523808.5667810281,,34587283.47058121,0.072781379
2017-12-04,15853.453280422022,2487770.004946884,2243211.304567297,29007.523116425,59939.18057949555,,461147.6010235735,1836881.9806744661,19336.99793906838,303041.99201881,,1.2304263899999999,,121666.50726654545,,,,83390.71008437447,,25368378.560955502,
2017-11-27,1742.4726847999998,2745132.44615997,1961114.0117020768,117584.37713359593,1511.73465,,583419.3397144856,2095791.126146961,29483.069212942697,238458.67045525007,,2.42744018,,26505.748732755248,,,,27118.543907795465,,20061875.192295462,
2017-11-20,13027.841534750001,2287448.7597624916,1583621.0513338961,152848.0575312877,15071.297251827,,470473.5179282358,1830159.683077629,20586.724848453465,351250.794207542,,2.40959261,,0.687825491,,,,9215.685762039951,,11440710.324002638,
2017-11-13,2504.7334788,1954445.7731979361,1804936.7720736954,251416.42595726997,21698.052927021054,,690904.6325636939,1230566.1790649872,12872.58100794051,440794.16597310593,,0,,,,,,7935.578577722651,,8647057.335611153,
2017-11-06,5009.3794012,1947933.7514768704,2233550.171558039,189273.61911284403,39646.29308992182,,456360.22464255674,1189389.3929608762,49086.69522047924,387120.123178,,1.17905396,,,,,,1976.9478283925998,,6864592.081021844,
2017-10-30,30472.158691159402,1311961.6882600477,2526830.029462697,250345.88279370038,5699.481076455,,632360.125094156,1416860.1158662476,14650.383099116909,117826.24890254001,,1.18050363,,,,,,496.86741225700007,,7678532.321146557,277.1096445
2017-10-23,16590.781518596003,1793107.1687870454,2569516.7361742137,193459.11329155642,10470.60016844911,,824883.2568826284,1678121.6679782611,17811.634666736,63233.3128106,,,,,,,,2520.5251565501,,6980019.412929753,
2017-10-16,8220.4726758,1799879.6131323553,2531286.2040014556,139376.16323181102,7256.18847439065,,636610.5153245755,1490249.922727362,53039.49036543034,70125.24657415,,,,,,,,8017.1772803798,,6076538.398685183,
2017-10-09,23916.464543312,1866759.0821672434,4394584.6949162735,30784.250119417804,2262.8607,,615958.3747384463,2148236.249468806,431795.48307956284,109809.25979106198,,,,,,,,3352.6265999729994,,8203838.849211068,
2017-10-02,9473.6259884,651892.0921803943,2311921.923047222,82533.24195575199,2255.15805,,532312.9558693182,2262178.8251997884,143072.20807887916,93931.54583560901,,,,,,,,3616.8405837274004,,6828965.064045829,
2017-09-25,19329.05860394,1716353.6309288603,4186792.6772521045,88630.53742030376,2628.6832379760003,,774691.8976381525,4266896.965223661,71753.68482560021,151671.288213166,,,,,,,,18777.914600956003,,11313929.407660088,
2017-09-18,74217.04581104913,1462847.406016855,4315097.605469145,25464.01181189659,10224.407246601,,821970.4300347166,6651765.153554187,24167.83105023842,304161.10480984,,,,1302.091712589,,,,5754.468577242,,13772815.155628026,
2017-09-11,16214.199185075,1865477.4860306208,4716169.480228407,3526.7238400659994,12043.363871059999,,522739.8234953937,6988587.619317178,10281.415235845121,702147.5982828096,,,,,,,,18.523463475,,22350600.85875497,
2017-09-04,24766.344035188406,1592790.5399937974,3563819.3512900374,12515.1142866211,1470.41089967568,,909271.0091532271,6660016.093224168,21001.033121594573,837163.3519878336,,,,,,,,200.76103531,,30253210.392060004,
2017-08-28,123836.6597487238,1689090.2783737914,3292615.2790378244,61021.83704241682,8208.114099352,,1010062.6203891676,6301658.154279848,19880.181728353764,1769395.3728255383,,,,,,,,1393.47407468395,,39759253.861695305,1213.95800190848
2017-08-21,47603.016459353166,2154523.5598923024,3221352.931101656,50369.419849649996,58638.03252897201,,774744.5994325763,6921304.352943631,20264.1403361072,748928.6181771599,,,,,,,,2769.33631141,,49666353.07773193,
2017-08-14,30419.900386870002,1916564.9307471688,2721061.5291316127,42442.45514194216,51880.332310386024,,741266.4815087704,4400873.414119087,22194.044609424425,209364.54686518005,,,,,,,,1999.2714951500002,,56170277.22584334,
2017-08-07,67517.33696711359,2282833.974710246,2296850.6769431112,95639.80131360667,191947.4443164914,,775728.9559898566,3275153.8885929887,7360.263382248289,166867.155857225,,,,,,,,5202.87141488199,,68748424.0386645,
2017-07-31,51348.392006104,3070715.0211510276,2724099.289695458,6395.666676700001,140216.22441443548,,635911.1614681111,3411330.3513140585,28879.553136821436,228871.83865047997,,,,,,,,9281.2292857315,,76800692.55798958,
2017-07-24,87464.38730691554,4800580.432044206,2227112.6191912685,7141.5249349881,63693.76785055283,,701552.2677359284,3415190.745719598,7791.633467774001,162367.61077311498,,,,,,,,40201.6497735664,,80350236.41960303,
2017-07-17,26017.391696931,3439180.6397208935,2023513.5994135807,64369.63413336,2205.67854,,659591.7334856747,2476973.902236512,10512.94520602902,119062.681086954,,,,,,,,39196.824219576396,,52241318.17126857,
2017-07-10,6458.60013422,3457487.9563121903,2747422.5443523354,73220.298298785,,,617892.4941626762,2327458.8578160238,17902.088276468603,169119.80977705802,,,,,,,,19820.305741868982,,30099539.745615806,1169.87662772496
2017-07-03,1742.2815360000002,2818673.588263306,2348885.815115463,24845.383711184997,,,408342.1315342566,2271768.0351468506,24097.431057514958,54085.95194648001,,,,1231.888410676,,,,5990.554388101999,,19224262.750719603,
2017-06-26,74773.11519911769,2413169.098764297,3849790.9732950446,14358.020821851498,,,806382.8541970411,3317538.451139124,16707.28149110682,196187.27177517195,,,,,,,,1315.1831888688998,,17642913.41857402,
2017-06-19,,2270646.491900339,2930840.9318239,17238.6892314875,,,510541.7620590301,2066089.5760978428,14713.072473491351,138009.02375947995,,,,,,,,9285.53491419112,,12986336.27,
2017-06-12,6968.3710848,2838177.8727551885,4519673.935931753,137418.05183923998,2206.53831,,557704.7003701688,2663000.8543535206,24011.93666322177,203962.12297546997,,,,,,,,10309.002425594957,,10108864.799999993,
2017-06-05,150235.85345931342,2491066.0990771838,3883095.5085254535,60168.811655454,,,493280.74893087486,2905112.700977246,42949.390747345264,349888.49739218,,,,,,,,9763.24022577408,,9506223.906119438,
2017-05-29,54031.7094707262,2681372.8909030408,3216184.054925752,69633.53063431502,,,539090.9144075866,2228776.772908949,31064.3215039586,794314.0659982904,,,,,,,,5644.615961019249,,7635583.039999999,
2017-05-22,88058.65512109202,2668807.6062742155,2919305.0317200427,52705.50140871979,,,878076.1577874788,2052568.77879363,33320.22894225517,357501.5763755101,,,,,,,,27701.83106053462,,11882262.102422593,
2017-05-15,8929.022604400001,2067039.7643460527,3052668.3182889363,215114.05878539887,,,590162.4044198155,1847932.4727971808,29914.56259648586,134521.98825658098,,,,,,,,55007.91709865841,,11603611.947207684,984.8286760000001
2017-05-08,24881.7570323623,1921141.792993787,2794126.0052081305,505022.61905158893,,,502649.90694149863,1817118.9731852747,33144.68920977117,69696.18475375202,,,,,,,,25734.3448872352,,14151636.080728445,
2017-05-01,11127.094632378,1566599.6573940273,2342603.1038566595,129089.16966714199,21006.18689908,,453435.76613095537,1726154.5934470757,20951.09844681946,124872.645158097,,,,694.365169,,,,573.7659996,,9476660.269985577,
2017-04-24,11388.320644360001,1375200.6332261502,2250956.2705712244,58164.977666198756,,,441900.6448921119,1818371.409579387,3919.7677688627004,59861.17726052399,,,,,,,,8768.8251149374,,11047379.239503339,
2017-04-17,9855.8138392,1323501.0021753556,1687175.5020170198,33052.554446625,2179.7873250000002,,432642.0709133285,1517662.0365691124,9413.464298656361,77899.811147156,,,,,,,,13424.6748499544,,7502610.969999998,
2017-04-10,6689.82499821,1204851.8639718643,1288186.8440411952,27656.4920934,2181.451725,,325389.97346440953,1313951.5516562408,19406.641195900942,88579.16923999,,,,,,,,344.445239088,,7440406.548250606,
2017-04-03,549.98228436,997229.7859640489,1684242.622275261,36885.708830988,2175.0719999999997,,557372.4980186634,1261746.2857865687,26744.51901613821,64438.75852106,,,,,,,,10195.86340158496,,7345636.320000003,
2017-03-27,7318.2961232,1117133.292091359,1489299.848743542,49434.3841562513,,,464315.0628666981,1373154.114633351,44748.162971130536,116486.31662643795,,,,,,,,3737.3798675725,,9259523.640000002,
2017-03-20,13350.894168449999,1195399.0158101954,1678765.382387675,53893.08486007499,,,477283.8737135931,1356776.4191995875,23890.944225922514,135139.42530931,,,,,,,,10650.515622449719,,9391991.530000001,
2017-03-13,8289.77385435807,2024618.993321721,1441705.0521946861,65497.764890204984,,,491555.7406167893,1050884.417534793,26251.67481027409,279499.62596056995,,,,,,,,17204.7607037841,,7917870.470000001,
2017-03-06,20359.042028980002,2016409.5829286969,1439104.1969244718,53736.94680443251,,,526290.2948888531,1207567.9547753788,27700.78663314096,520361.4248952699,,,,,,,,28445.574547139957,,6626716.540004052,
2017-02-27,8226.14480985,2191840.1133618453,1772721.2516607393,51412.7318980847,,,548039.9562756828,1007072.0444957726,7985.0564378747895,1027448.2280578593,,,,,,,,,,8432613.654404957,
2017-02-20,12327.856703194402,2777719.6238007587,1365726.3800712423,36105.14856443946,11402.933780880001,,450376.2160877795,831890.062592229,7965.2800080011,333657.49022442,,,,,,,,8610.157688783,,8404240.759199122,
2017-02-13,5990.1287892,3892562.273053462,1571058.1434445863,6225.970503165,22066.94723202,,294978.1029781414,967325.2753696155,8047.4928565683895,84225.65190775,,,,,,,,17693.34072877984,,8773941.116751198,
2017-02-06,,1615184.0680264805,1306405.5035190533,47654.202026228995,,,404002.4655138467,1074870.6712022403,20617.084062074253,63793.89020601999,,,,,,,,17.62558215,,9246702.017112182,
2017-01-30,19044.098350239998,1488657.0243652735,1048371.0635200705,52453.62463833679,,,512193.1239304188,1184051.8022361323,5561.56519451432,47858.196539935,,,,,,,,8919.457010930999,,13021825.013270382,
2017-01-23,18422.749642135,1860207.3411586003,1279354.09847572,55099.89069582313,,,368585.45521657745,1217536.8513149119,4960.2465627077,55441.75891045398,,,,,,,,21236.689794997572,,18936516.8583706,
2017-01-16,22670.7194610468,2795074.54602827,1869707.435947213,12679.255286459,4347.76308,,468496.0843068219,1542501.8435612882,18889.138766739077,46008.87136859,,,,,,,,2469.037234635,,34490660.19928463,
2017-01-09,2504.9023448000003,1866482.6571513051,2060539.0827382805,44297.864693824,,,583808.1982051359,1337391.8078958602,13321.18536461276,44024.15992397499,,,,,,,,10546.16786304928,,43853391.931971826,
2017-01-02,7327.7171661659995,1735213.3892446915,1397112.455675845,13424.329613067,,,531213.1628369377,1040049.6433419122,17938.591415146708,36290.6044394,,,,,,,,33786.00541293322,,50083732.547761835,
2016-12-26,,1362893.216851628,1095695.5422418406,24116.188898565,2160.06768,,404137.2908610732,765829.2927782526,27389.99665166201,17998.776435249998,,,,,,,,45487.569620865914,,38686134.519999996,
2016-12-19,6841.278575959001,2067930.0801286444,921033.3977080274,72320.4442830715,,,355203.7673850703,977723.43070358,5424.554299133079,27110.795068199997,,,,,,,,83837.73450784526,,26828810.560000017,
2016-12-12,9039.1491792,1931011.5132297622,1017193.0658344817,87284.12541379899,,,376971.3102078384,1062223.4168499853,18507.606447676593,79682.44413845,,,,,,,,24320.30762374992,,27977970.24601,
2016-12-05,31807.079281200997,1703066.4050450786,766995.4976846313,111708.81577102753,,,261999.50875891995,898061.2959275354,14891.51921073688,50188.116535040004,,,,,,,,6900.460919745199,,19286928.370736632,
2016-11-28,5767.418810065001,1666912.0874514857,775528.958473892,66158.03018274499,,,412145.2482332681,1281902.532159359,15672.71829226227,43939.27038312501,,,,,,,,3281.0329842602,,13849461.471473292,
2016-11-21,,1508072.4819121626,987756.563235248,116302.1440254,,,342710.34540782776,853570.7206785255,23053.059907673603,46611.286981289,,,,,,,,188.283618131,,7341142.290000002,
2016-11-14,1089.003542,1414278.4536662602,1571068.250833156,131887.98375698252,,,370582.9935071008,774407.2879065311,6146.21011594104,90510.91187130002,,,,,,,,,,6080873.117835364,
2016-11-07,8209.021337965,934927.701889798,1755260.9545052398,180924.5468251364,,,286590.624327675,703596.921010277,10974.55538546844,44387.110896232996,,,,,,,,,,4822456.879657967,
2016-10-31,18086.764249538388,922692.3093457434,1689042.8161757765,128754.912923286,,,385977.08492865186,659146.64505874,11176.36298414442,25716.780990925,,,,,,,,,,5226913.913282536,
2016-10-24,8495.015191999999,907744.3269501198,2227167.7345034564,3013.4357219999997,11564.85932692,,395627.1275995793,673023.6000134796,21341.186225843867,2711.0187243639994,,,,,,,,6522.06080631945,,5263337.870000001,
2016-10-17,,984207.1287734414,1773646.1593844602,12193.537509058839,13493.41650703,,334179.3139833259,723401.5323370557,,27294.634523669993,,,,,,,,19017.565757377,,4927716.184234322,
2016-10-10,20076.7782570314,901604.6383643342,1563844.2224787006,148402.47768607902,1851.70367655,,422954.66799453186,1049923.8475642793,3133.2740818779603,28787.726222731995,,,,,,,,,,5243929.2241311,
2016-10-03,6511.30566864,374055.3151462882,1465773.73099524,77115.938875824,,,466006.1259344088,1117859.9474643846,4494.7442596826995,23262.841313200006,,,,,,,,,,5429272.010341737,
2016-09-26,2987.24483928,1094124.3165345627,1361652.0283418074,3088.7529449999997,,,523419.49242110044,1727032.0419020795,12153.61570894143,40164.99874448199,,,,,,,,2354.73251237,,7598831.9502830105,
2016-09-19,27443.12187166,590686.5844584038,1209980.1388891037,5620.0071565,,,336646.7572314048,3555287.5140514947,14732.07415582908,56530.14859743,,,,,,,,314.551440202,,11743732.849999998,
2016-09-12,5647.724634516,511296.67262105347,1621174.481813933,6473.179504000001,2244.1929,,561557.3431757597,2910629.0930310623,13517.19065012037,84848.22227081002,,,,,,,,,,16355074.620570118,
2016-09-05,8431.759426199998,563171.2863624861,1474713.249502614,12195.151753706401,,,478426.83179426915,3186011.384688715,17736.21904522085,129201.94756150001,,,,,,,,,,19594173.627099484,
2016-08-29,20449.7824534,693173.7917252057,1374913.9787751648,5790.8385618111,,,623143.7564964206,2611395.0037459326,18938.56159561838,216180.91812704495,,,,,,,,,,28597005.33647473,
2016-08-22,,753423.6588239067,1438696.07977545,992.3631208452,11775.56771648,,513869.05185366893,2283700.1099841213,7055.66463017506,193288.37064447007,,,,,,,,1906.2655079200001,,34089332.55377726,
2016-08-15,104495.260532332,569590.226751565,1343800.0447614524,,,,373436.74271115934,1794753.421913784,11152.172311782,58069.23296665,,,,,,,,,,41352286.61002012,
2016-08-08,72540.10674399264,556189.3573558822,1202485.8469407905,135.1236205886,54680.592967749995,,427631.1711206601,2100856.6578644207,10179.043919548922,63029.44463282,,,,,,,,,,47007320.28305033,
2016-08-01,40149.263807664,983410.6687498172,1117508.5879555924,4297.0822306,4508.025105,,462328.1207451654,1897989.9794891668,20229.14025635868,53729.281943129994,,,,,,,,,,55495703.06661745,
2016-07-25,103763.7025477764,2366417.4649474593,1189891.49710825,2122.067457825,,,747260.7874525272,1450858.6954643417,16913.00239885965,95782.29068341998,,,,,,,,23779.10980020911,,56451606.85132995,
2016-07-18,12959.4157388,1664417.696968744,1425713.9640204136,1181.7854148,,,502687.5705641424,1105076.3777313642,7747.28533027674,39701.50657061,,,,,,,,37657.503315135364,,40065709.89999998,
2016-07-11,8495.24151,1380224.0063482895,1648321.6043547334,2496.57595395,4485.7257,,425051.56536588294,1347965.255180462,14532.742436848592,24746.696533000002,,,,,,,,7084.44638845372,,29444518.282103386,
2016-07-04,68996.07393383043,1381779.199209087,1562332.1018163795,459.123525,16280.43662388,,386327.590335435,1424127.6186805102,7117.537656164859,40403.15326158,,,,,,,,2111.526835048,,14522742.501801606,
2016-06-27,56998.278930182976,1143848.3071276222,1780921.437457703,2311.961294872,,,394423.86678224837,1464595.7515499855,9063.40395114998,31630.329362218006,,,,,,,,73.8205008,,13687565.612952238,
2016-06-20,19902.495428804537,1127368.4318981469,1293530.2534059382,3875.88198362,,,427371.2447559815,1350193.3395518654,18008.07658196278,38147.970824772005,,,,,,,,17472.3113373174,,10288096.648110174,
2016-06-13,59449.16535355522,1010076.5327557579,1454960.6162702276,2323.49443648,2279.77872,,270921.31870741764,1363634.058204906,25429.071429109023,26435.68101745,,,,,,,,1583.0762566684002,,7704840.3022188535,
2016-06-06,69205.95930409127,1142403.7550196825,1314619.5287632665,9089.700970075,2282.6502,,302050.87916714756,1675373.374561479,39882.82882216393,40638.03666341,,,,,,,,389.52972783679996,,6869409.133692241,
2016-05-30,49801.46630886463,958455.7200090655,1190407.3212955492,4121.97223417,0,,293584.21289011126,1352416.9277383243,22807.65799583624,53947.15334675,,,,,,,,,,7757818.9,
2016-05-23,6969.685632000001,1169594.3250910928,1038566.1833648745,26746.264582736003,,,257826.12103000592,1062194.7634909095,27431.968598964457,84740.3460153,,,,,,,,,,8623898.489999998,
2016-05-16,,779333.3390261115,1178005.4351136656,460.46918295,,,232342.97535929046,788979.330263958,23221.57016228775,57536.839852316996,,,,,,,,,,8045201.43370514,
2016-05-09,2504.8340532,911876.98739633,1018607.4627812332,,,,232991.3234592897,812762.7536503987,52180.41438722611,33991.303204676005,,,,,,,,,,8848443.619999997,
2016-05-02,6969.685248,841466.7426078166,935655.1452242981,5398.645280549999,,,183326.22582240266,910458.4725122659,22687.48055756422,34810.68269331999,,,,,,,,,,8177923.900765985,
2016-04-25,,581015.9598940928,837901.1545210921,934.5177144,2315.73366,,321571.6270149784,753156.562786711,30927.814322750142,49922.10414377,,,,,,,,,,8279499.24469366,
2016-04-18,5927.1172894500005,529365.5030971679,682218.2204200646,6782.99247003,10273.67616671,,255485.82964628135,601660.2507192211,36631.72007051494,36178.27080877501,,,,,,,,,,7207488.569088,
2016-04-11,5205.531134,624113.3426071432,519351.2931806425,,,,226429.47233049857,709820.2315647327,10116.02950167358,51790.821210270005,,,,,,,,,,6221548.809999998,
2016-04-04,3485.001792,545891.2773646018,391306.3672125118,4594.255986345,,,223312.57073864344,650151.919610266,14722.324417218239,20744.9712481,,,,,,,,,,6376371.350078541,
2016-03-28,3484.9371776,358986.1605867679,365336.74473119614,3968.045710195,,,214400.2064908534,674964.6889479664,17146.02698791991,46001.592844358,,,,,,,,,,6489360.452038402,
2016-03-21,,594279.7652017394,310398.47880639834,1749.80192673,3839.269625,,221058.154882106,484588.6129920625,11066.55435060347,19420.9760405,,,,,,,,,,5813560.2799999975,
2016-03-14,2146.43159941,1212133.8014258596,510012.9621347205,4210.809995345,,,315117.9928359014,398816.910788869,24704.067213221926,35875.229596799996,,,,,,,,,,7439845.330384355,
2016-03-07,1971.993861515,912038.5322734043,387307.5994621118,7238.855643305,16140.852231660001,,271214.88261556666,495870.01157836744,6446.949496456591,31887.9178529,,,,,,,,,,6121148.233251639,
2016-02-29,15069.408981649998,826953.5273970752,406856.2779510523,9067.15202978,,,304022.73137400585,268665.77294995304,11894.446263934711,80694.94439259998,,,,,,,,,,5654902.1400000015,
2016-02-22,7078.8143555999995,1382594.4299314267,267727.54730489675,11053.59034665,,,288763.13076629996,363235.1497607845,8777.4275500433,41803.23073085,,,,,,,,,,6656600.609867925,
2016-02-15,16771.377177496,1134573.8289246506,332934.99882399896,10005.7467707345,6721.626374775,,286196.3608693831,238561.20428613544,8301.91715727901,16993.66182927,,,,,,,,,,6732660.103329507,
2016-02-08,17424.094806738998,453593.7464739968,278104.8469189251,5857.900929415,2282.374425,,139774.07121876668,210463.74007321644,8969.5253216826,30659.545254219996,,,,,,,,,,5502489.6005101055,
2016-02-01,3484.9402112,1121182.3082146263,267311.6842046833,4272.0342210399995,11911.55314924,,199953.14731277147,206775.6672417709,,20722.4252243,,,,,,,,,,8978112.014864014,
2016-01-25,3484.7477759999997,2004071.0842298695,339022.823379736,5150.338721875,,,235134.2339429019,299374.08282954374,3253.958126076,26005.081512650002,,,,,,,,,,12332451.237177012,
2016-01-18,,1601294.403014521,467570.3098809263,7915.1821822875,,,221904.46206706247,356627.6908457019,2369.8173180951003,19162.25044575,,,,,,,,,,20960860.189274456,
2016-01-11,9475.2364304,1390047.8433307733,639737.7975439267,907.191428755,2276.88987,,217362.90615301274,267646.12707344803,12631.69063418733,19606.970985400003,,,,,,,,,,32905308.624711156,
2016-01-04,5919.715284479999,799942.6162672739,412033.1815670039,1659.473344625,2272.87518,,445962.72257993143,279163.46467853343,4996.4686413689105,24257.012225500002,,,,,,,,,,42067558.95666434,
2015-12-28,6660.04222188,489311.82109470805,318294.29640676867,625.9622440200001,,,269263.8854811788,224723.28656584886,,7477.7717809999995,,,,,,,,,,33830836.007603355,
2015-12-21,,683037.2074782483,246661.66147970114,2065.512093105,,,244297.46601466124,374774.3118222129,11888.81273540559,2126.3153265,,,,,,,,,,18901614.98929681,
2015-12-14,2505.1226571999996,750133.8951649899,257166.02350134315,1303.8688168305,,,246098.85212569262,270416.2087314211,14809.842391684368,,,,,,,,,,,21566288.42,
2015-12-07,,660649.5416483635,340401.40624291124,5622.020619885,,,195963.6763062814,312698.02810431586,21029.34464348328,,,,,,,,,,,15729471.429233493,
2015-11-30,,619436.6297448212,247551.67867698337,2049.15122371,,,185060.77039973464,154401.17808981994,9649.215554380258,,,,,,,,,,,14002285.44339222,728.9869965
2015-11-23,3485.1272704000003,537455.4115827391,276111.3425233756,6425.2362723549995,,,128793.42722702252,158524.65789398947,3340.49717238,,,,,,,,,,,8888838.240000002,
2015-11-16,5771.722402368,530738.1289600943,371317.0171497967,1351.15225752,,,119533.20267198444,116512.16146854844,1964.8760618999997,,,,,,,,,,,5504398.21257695,635.962080723
2015-11-09,,354550.69170408626,331473.6180566519,,,,168217.45018303252,189427.0282050652,,,,,,,,,,,,3834510.6787004005,
2015-11-02,,434522.43406579166,470594.4114677308,,12413.0127264,,294047.53307836637,87880.26216870712,5357.96148804288,,,,,,,,,,,3900763.6971406,
2015-10-26,,309026.3200019523,444245.10003698093,2286.6513495,2362.656315,,309741.455177978,136112.39092001496,,,,,,,,,,,,4997889.665462684,
2015-10-19,8872.467461687998,256104.51310447534,351914.8503839432,,,,205672.86485791995,69643.1827219154,10810.517705727922,,,,,,,,,,,3065908.961468563,
2015-10-12,3484.9371776,367192.50408476463,241079.5861002818,,,,285562.7294833121,156214.9303950038,14332.33612941806,,,,,,,,,,,4613994.925159002,
2015-10-05,10791.828268799998,423089.65680903615,351219.97450965655,,,,201320.76669205353,182202.92786994367,4647.221814235841,623.93415,,,,,,,,,,4354829.464247,
2015-09-28,,230220.7206935389,233475.87521801077,,,,238123.59799306627,266561.0523557411,,,,,,,,,,,,5204244.975607655,
2015-09-21,14730.1063605,251174.20306058423,340661.8225726055,,,,99538.42906673801,292667.12787506514,,,,,,,,,,,,8267269.799512309,
2015-09-14,23689.526259686005,290396.3379873007,412692.0344749082,,,,204812.47162367715,445828.3655689946,6060.00262904811,,,,,,,,,,,11234895.48164252,
2015-09-07,,190169.832483907,354715.84816492116,,,,87872.76707251243,555730.9612199483,14743.635034433251,,,,,,,,,,,13691232.816535585,
2015-08-31,21240.925292394542,189327.98087520868,368659.2422642648,,,,140608.06498970537,414710.8378748745,2668.46978604275,,,,,,,,,,,17815406.670371804,
2015-08-24,23858.917323721,281810.51809342625,356473.70502550603,,,,194840.7723275247,573841.8946670017,18212.6042895702,,,,,,,,,,,25079519.690721843,
2015-08-17,33855.976088883,292634.1452449672,200680.5260392994,,,,160588.74803999218,814511.9871134645,,,,,,,,,,,,28486622.75631267,
2015-08-10,4858.87830793326,376450.5980189519,253809.61724155548,,,,207784.24898087487,568595.4364366392,14475.837783095669,,,,,,,,,,,36720383.48240645,
2015-08-03,31559.021088329995,560618.554856422,259474.0113540262,,,,226698.75253151596,395453.2581797329,23216.50953465426,,,,,,,,,,,47050899.36393639,
2015-07-27,20875.35249014318,597853.7151194344,341321.4452226157,,,,265307.6272366424,402090.10034452524,14720.55071008684,,,,,,,,,,,54344866.41169807,
2015-07-20,58471.1912426496,858384.4768079056,223346.20210125856,,,,189018.34520199336,452891.88007645425,5584.054454378,,,,,,,,,,,35745616.17638219,
2015-07-13,,1039350.6060292912,193315.1640407513,,,,253709.75794925657,307724.21198281617,18154.162160301952,,,,,,,,,,,23711162.638545506,
2015-07-06,,643168.6525458065,235497.84805205345,,,,161920.56120871005,222262.26988972025,16689.97868957229,,,,,,,,,,,15354348.994145513,
2015-06-29,29597.98429630385,734968.48168826,318550.1278793443,,,,345609.0383935464,259764.00130514894,709.463205,,,,,,,,,,,10734488.115554998,
2015-06-22,16444.6152048,962505.1440810636,306796.35304672585,,,,227798.47552620046,474970.39821091114,25757.72613474461,,,,,,,,,,,10229513.133942418,4536.5353515
2015-06-15,,814558.0427074922,139214.6292326116,,,,165345.38898696497,361284.0435722066,14600.56232706407,,,,,,,,,,,6487361.816161695,4448.9796883
2015-06-08,,803436.5647557494,223235.03419271385,,,,193641.57601666704,156842.94672070383,37810.95472352654,,,,,,,,,,,6787354.9820071915,8894.3963351
2015-06-01,,754797.2801750826,295975.32124064653,,,,155799.59829801184,142385.54785599496,14610.27835504321,,,,,,,,,,,4016238.140000001,
2015-05-25,,561448.1305585233,132731.3914381296,,,,107590.5357094299,137191.07648824464,18192.38191692502,,,,,,,,,,,5443183.22,
2015-05-18,,816615.9641643822,140150.34737195863,,,,233887.80363198195,124113.16538844626,28400.634487635456,,,,,,,,,,,5719870.740000002,
2015-05-11,,520456.6793225523,91836.94089449853,,,,227768.689662119,222212.22729123913,30181.526944257348,,,,,,,,,,,6352439.160000003,
2015-05-04,,353286.11334180395,64410.61120743751,,,,122723.46301378087,101482.9795885183,16856.22191110126,,,,,,,,,,,5953020.119999998,
2015-04-27,,503744.34202355536,321894.5725910267,,,,100645.79861096469,124917.27217110155,11362.940125336061,,,,,,,,,,,6173884.209999997,
2015-04-20,,374499.2433534671,80427.98139657316,,,,37768.48768776089,98249.1896301886,2804.94857242708,,,,,,,,,,,5252370.18,
2015-04-13,,244268.58490733753,86899.55931965102,,,,103357.67241750222,135787.3061152508,2808.2216100823302,,,,,,,,,,,4146393.38,460.48226047616004
2015-04-06,,185627.26167478398,53307.20483852687,,,,104072.89031574264,116497.40813040825,7423.222622396759,,,,,,,,,,,4784265.279999999,
2015-03-30,,275364.85354659247,41367.432548658006,,,,31996.389750898008,114317.74989769467,,,,,,,,,,,,3491482.14,
2015-03-23,,359838.1052038095,45094.823441185305,,,,24264.856679592613,67095.22913701621,0,,,,,,,,,,,4974092.219999998,
2015-03-16,,227566.5282201691,66576.252791631,,,,85571.81142745588,92084.43544888728,5344.29088680564,,,,,,,,,,,4676701.079999998,
2015-03-09,,296122.03613562003,58203.325117497,,,,148659.86678136617,49026.10517265523,,,,,,,,,,,,4194647.49,461.61540776493996
2015-03-02,,413041.3344985122,29456.847263878997,,,,47860.427427678864,68784.71474247993,,,,,,,,,,,,3150415.02,
2015-02-23,,386569.61723999336,24422.181076009998,,,,29805.632223362543,79571.45087045139,,,,,,,,,,,,4254612.3100000005,
2015-02-16,,371180.82062707545,64473.149215534984,,,,58944.46896425511,27919.359408413697,,,,,,,,,,,,2988179.289999999,
2015-02-09,,620096.9083320149,25973.044287879082,,,,21870.53069032034,47187.160799818885,,,,,,,,,,,,5044983.789999998,
2015-02-02,,440691.69263375725,55611.028127204845,,,,20976.8815967185,24583.370718436683,761.026663,,,,,,,,,,,5811337.56,
2015-01-26,,1011536.4677303077,68213.01379116344,,,,71630.82477430422,37955.3999133093,5547.074261000001,,,,,,,,,,,8388522.800000002,1176.98333114128
2015-01-19,,1156729.872371277,56481.06787971853,,,,144907.81088739514,37450.44873658069,,,,,,,,,,,,15759954.540000007,
2015-01-12,,721814.8441699792,123403.0920873115,,,,50979.209940351946,46436.079503493,,,,,,,,,,,,21015989.28,
2015-01-05,,495608.92467480496,53992.85787568252,,,,170774.0404381592,88921.8549669717,,,,,,,,,,,,31406440.819999985,473.92197704672
2014-12-29,,216520.03706420373,26377.325555062056,,,,114631.73438467082,37184.572356385004,,,,,,,,,,,,23254595.070000004,
2014-12-22,,414959.5055662378,61950.83688604784,,,,59659.645701708694,65666.125966031,,,,,,,,,,,,14761339.380000003,
2014-12-15,,580904.1124318858,29053.802125800004,,,,144795.6002160563,101324.42322268499,,,,,,,,,,,,14288497.559999999,2935.74097044183
2014-12-08,,534314.4424722866,15362.5329095811,,,,26570.8930670955,140115.63279740902,,,,,,,,,,,,11477886.420000002,1888.8714768418
2014-12-01,,457970.8423800961,20665.436996268003,,,,58132.433676967616,68191.403238717,,,,,,,,,,,,11662289.600000005,
2014-11-24,,429302.53444261395,42662.99700408999,,,,30991.330455168947,47725.295084800004,,,,,,,,,,,,6951933.990000001,
2014-11-17,,365407.09948759817,39892.90095717624,,,,45351.16036951752,34058.33719754671,,,,,,,,,,,,4429545.77,
2014-11-10,,228929.56127481724,29764.041618398995,,,,30611.69291210386,43082.311115314005,4616.8776554,,,,,,,,,,,2630277.4800000004,547.68600347556
2014-11-03,,319193.5116528269,22397.0941802706,,,,71346.46141149408,31887.90629461832,,,,,,,,,,,,2117508.1000000006,
2014-10-27,,344376.246920771,25448.579264982684,,,,41310.76501980005,9292.671707835001,,,,,,,,,,,,2195113.330000001,
2014-10-20,,249117.19643082796,43502.758048154,,,,105955.25423036674,15984.2692669788,,,,,,,,,,,,1455485.4000000006,
2014-10-13,,266652.859997729,31656.030334975403,,,,79504.90683924036,42049.570993463996,,,,,,,,,,,,2501249.9699999997,3503.45667897894
2014-10-06,,160880.06062929748,13220.316093870002,,,,77868.78964469398,9762.733128312499,,,,,,,,,,,,3292855.3,1506.8670620219998
2014-09-29,,227223.0158328275,74024.89785944624,,,,30266.20135853474,22430.1205298575,,,,,,,,,,,,2794892.3800000004,
2014-09-22,,353448.8564242191,99643.02824405977,,,,30246.59012253635,56782.714931262,,,,,,,,,,,,5468487.159999999,
2014-09-15,,317602.1602842888,105996.89708982017,,,,102976.60204487859,83019.8754859312,,,,,,,,,,,,6659718.960000002,801.12270049265
2014-09-08,,150504.3362089043,168483.37770596857,,,,72057.6552550361,66646.041666226,,,,,,,,,,,,9335096.170000002,505.45337265332
2014-09-01,,235998.33941399123,192013.8145426035,,,,26232.02857970266,95396.84275248005,,,,,,,,,,,,14077662.439999996,1555.636085488
2014-08-25,,232973.9999578007,89024.7690075786,,,,40669.121444122306,151419.256253685,,,,,,,,,,,,17662663.499999993,1671.4698819036003
2014-08-18,,334973.7289775935,76593.154070692,,,,55391.30394441339,109031.47174316099,,,,,,,,,,,,20588284.1,
2014-08-11,,134475.917052206,58911.862208562896,,,,67642.00837948278,82455.20706482869,1.29018947,,,,,,,,,,,22445740.74,
2014-08-04,,286136.97533802193,4161.4960457938005,,,,43709.01229490375,27050.169060216744,,,,,,,,,,,,30085569.909999996,1565.2393252597199
2014-07-28,,296520.41426141345,2664.9294199,,,,115963.824987666,41945.77426442513,,,,,,,,,,,,38240224.88,525.3415008194601
2014-07-21,,550161.4290387997,27022.1415215,,,,72684.47046691124,36523.33699421999,,,,,,,,,,,,31967398.03000001,
2014-07-14,,375962.0375350479,55350.704724628,,,,122507.44686165797,13386.502675899119,,,,,,,,,,,,21310778.720000014,
2014-07-07,,239762.11347219095,21076.5927718748,,,,68047.27966623602,10297.147627816,,,,,,,,,,,,10493246.080000006,1015.27181536152
2014-06-30,,220276.607463651,17950.0943411,,,,63099.201058646526,4321.95404396056,,,,,,,,,,,,5874848.78,
2014-06-23,,302231.4075228599,17622.321746199996,,,,172669.3890178782,8508.664912355,,,,,,,,,,,,5187146.200000001,
2014-06-16,,207246.30862912058,39424.054628864,,,,129234.08150519943,37628.959726228,,,,,,,,,,,,3036687.8899999997,
2014-06-09,,424491.92241176206,29856.00989759907,,,,62234.13951025172,7401.401947397,,,,,,,,,,,,4146185.099999999,1320.9854596919
2014-06-02,,228914.816570076,42553.414529663576,,,,24423.527172358296,7643.3110657630405,,,,,,,,,,,,2310332.7700000005,
2014-05-26,,119077.7533044755,29979.033939449004,,,,101933.4801165022,6035.999677508,,,,,,,,,,,,2561052.0099999993,
2014-05-19,,157178.73519145654,11877.7310095895,,,,70474.55166370545,5350.796937875,,,,,,,,,,,,3028217.1099999994,
2014-05-12,,117322.592744026,21720.248585603604,,,,40524.40092769363,12211.044835376,,,,,,,,,,,,3276778.19,
2014-05-05,,17008.135394222,33960.67180569612,,,,39630.28567253592,5838.85181896856,,,,,,,,,,,,3024290.3700000006,
2014-04-28,,24721.381353364,21127.298846951995,,,,85082.61079389775,18164.1002406088,,,,,,,,,,,,3437672.7100000004,
2014-04-21,,13687.727051506,41522.06769119197,,,,27169.205602991955,5126.115953678,,,,,,,,,,,,2898091.5399999996,
2014-04-14,,17843.058240532002,33596.9216548,,,,49683.818526466,96.20114283992001,,,,,,,,,,,,1743059.2099999997,
2014-04-07,,31277.370862519005,6361.92854178659,,,,134285.12583692477,25836.60328450384,,,,,,,,,,,,1609383.8599999999,2057.43033355412
2014-03-31,,53879.49741183406,15160.8359288,,,,74555.09236184241,24536.683678135938,,,,,,,,,,,,1658727.4900000007,1565.98467130741
2014-03-24,,30248.852468413002,28050.0581804,,,,54307.529468134555,4154.682335,,,,,,,,,,,,2468337.26,
2014-03-17,,29579.28979680825,24452.1532711575,,,,40398.5799478764,7742.216822044,,,,,,,,,,,,1838803.9700000002,
2014-03-10,,37746.87920818002,28563.232224581952,,,,86948.2536745753,16139.31308360924,,,,,,,,,,,,1922136.79,
2014-03-03,,113739.67910716475,12312.00408209,,,,37993.51437655264,11114.863761542001,,,,,,,,,,,,2362675.08,516.6743250902999
2014-02-24,,13173.65673811921,10574.687133749001,,,,6057.7857758454,115.44480593874,,,,,,,,,,,,2293112.65,
2014-02-17,,40193.482310089996,,,,,5075.375372757901,14555.82085089953,,,,,,,,,,,,2633493.9400000004,
2014-02-10,,105485.13306907102,25227.653453458,,,,21250.32108416522,27389.438479908,,,,,,,,,,,,2377211.8100000005,
2014-02-03,,59375.332240359,37961.4901004096,,,,14593.2498935056,1404.3016795355402,,,,,,,,,,,,2267774.5,454.74355389924006
2014-01-27,,64218.80003237649,1279.56650408618,,,,32843.97767311164,51074.715059275,,,,,,,,,,,,3570878.7000000007,
2014-01-20,,82058.990378352,37719.040129844754,,,,60048.544724673186,,,,,,,,,,,,,8086405.460000001,
2014-01-13,,184081.21293509504,81751.6638915976,,,,104606.83432830375,988.32,,,,,,,,,,,,10221254.39,
2014-01-06,,52016.151691937,70196.3179200967,,,,161917.4538473001,6582.7719581807605,,,,,,,,,,,,16346759.410000004,
2013-12-30,,9304.314880196,2443.67980587075,,,,29136.141789970003,0,,,,,,,,,,,,15852705.71,
2013-12-23,,0,0,,,,0,0,,,,,,,,,,,,10732505.240000002,
2013-12-16,,0,0,,,,0,,,,,,,,,,,,,8829448.84,0
2013-12-09,,0,0,,,,0,0,,,,,,,,,,,,7296987.980000002,
2013-12-02,,0,0,,,,0,0,,,,,,,,,,,,5043497.1000000015,0
2013-11-25,,0,0,,,,0,0,,,,,,,,,,,,3964471.959999999,
2013-11-18,,0,0,,,,0,0,,,,,,,,,,,,2185547.8399999994,
2013-11-11,,0,0,,,,0,,,,,,,,,,,,,1120629.92,
2013-11-04,,0,0,,,,0,0,,,,,,,,,,,,969991.4699999999,
2013-10-28,,0,0,,,,0,,,,,,,,,,,,,891855.24,
2013-10-21,,0,0,,,,0,,,,,,,,,,,,,1111103.5899999996,
2013-10-14,,0,0,,,,0,,,,,,,,,,,,,891513.6700000002,
2013-10-07,,0,0,,,,0,0,,,,,,,,,,,,1410829.42,0
2013-09-30,,0,0,,,,0,0,,,,,,,,,,,,1719730.9500000002,
2013-09-23,,0,0,,,,0,0,,,,,,,,,,,,3796625.6500000004,
2013-09-16,,0,0,,,,0,0,,,,,,,,,,,,3729607.1,
2013-09-09,,0,0,,,,0,0,,,,,,,,,,,,4710971.400000001,
2013-09-02,,0,0,,,,0,0,,,,,,,,,,,,7426676.2200000025,0
2013-08-26,,0,0,,,,0,0,,,,,,,,,,,,10730641.419999994,
2013-08-19,,0,0,,,,0,0,,,,,,,,,,,,10865664.1,0
2013-08-12,,0,0,,,,0,0,,,,,,,,,,,,13424804.980000004,
2013-08-05,,0,0,,,,0,0,,,,,,,,,,,,16602655.070000006,
2013-07-29,,0,0,,,,0,0,,,,,,,,,,,,21454320.81,
2013-07-22,,0,0,,,,0,0,,,,,,,,,,,,23710769.390000004,
2013-07-15,,0,0,,,,0,0,,,,,,,,,,,,14011712.180000002,
2013-07-08,,0,0,,,,0,0,,,,,,,,,,,,6425577.32,
2013-07-01,,0,0,,,,0,0,,,,,,,,,,,,2144244.5000000005,
2013-06-24,,0,0,,,,0,0,,,,,,,,,,,,1602475.3499999994,
2013-06-17,,0,0,,,,0,,,,,,,,,,,,,1373471.8800000004,
2013-06-10,,0,0,,,,0,0,,0,,,,,,,,,,1046485.2499999998,
2013-06-03,,0,0,,,,0,0,,,,,,,,,,,,761185.48,
2013-05-27,,0,0,,,,0,0,,,,,,,,,,,,772383.0900000001,
2013-05-20,,0,,,,,0,,,,,,,,,,,,,883592.6900000002,
2013-05-13,,0,0,,,,0,0,,,,,,,,,,,,1016250.4699999999,
2013-05-06,,0,0,,,,0,,,,,,,,,,,,,1442136.2999999998,
2013-04-29,,0,0,,,,0,0,,,,,,,,,,,,979639.02,
2013-04-22,,0,0,,,,0,0,,,,,,,,,,,,1061861.29,
2013-04-15,,0,0,,,,0,0,,,,,,,,,,,,615722.1700000002,
2013-04-08,,0,0,,,,0,0,,,,,,,,,,,,729432.67,0
2013-04-01,,0,,,,,0,0,,,,,,,,,,,,471750.6,
2013-03-25,,0,0,,,,0,0,,,,,,,,,,,,477403.2900000001,
2013-03-18,,0,0,,,,0,,,,,,,,,,,,,371140.45,0
2013-03-11,,0,,,,,0,,,,,,,,,,,,,397546.60000000003,
2013-03-04,,0,0,,,,0,0,,,,,,,,,,,,540841.6799999999,0
2013-02-25,,0,0,,,,0,,,,,,,,,,,,,743086.3600000002,0
2013-02-18,,0,,,,,0,0,,,,,,,,,,,,616581.7699999999,
2013-02-11,,0,,,,,0,0,,,,,,,,,,,,738374.21,
2013-02-04,,0,,,,,,0,,,,,,,,,,,,1012542.2499999998,
2013-01-28,,0,,,,,0,0,,,,,,,,,,,,1473489.5900000003,
2013-01-21,,0,0,,,,0,0,,,,,,,,,,,,1807013.1799999997,
2013-01-14,,0,0,,,,0,0,,,,,,,,,,,,2718843.2399999998,
2013-01-07,,0,0,,,,0,0,,,,,,,,,,,,4346511.43,
2012-12-31,,0,,,,,,0,,,,,,,,,,,,3696823.2800000003,0
2012-12-24,,0,,,,,,,,,,,,,,,,,,4362624.670000001,
2012-12-17,,0,0,,,,0,,,,,,,,,,,,,2384754.41,
2012-12-10,,0,,,,,,0,,,,,,,,,,,,2010886.3699999996,
2012-12-03,,0,,,,,0,0,,,,,,,,,,,,1251026.57,
2012-11-26,,0,,,,,0,0,,,,,,,,,,,,1111398.42,
2012-11-19,,0,,,,,0,0,,,,,,,,,,,,882347.6800000003,
2012-11-12,,0,,,,,,,,,,,,,,,,,,544927.29,
2012-11-05,,0,,,,,,,,,,,,,,,,,,339364.6599999999,
2012-10-29,,0,,,,,0,0,,,,,,,,,,,,363779.4000000001,
2012-10-22,,0,,,,,0,0,,,,,,,,,,,,241191.50000000003,
2012-10-15,,0,0,,,,,,,,,,,,,,,,,302397.75999999995,0
2012-10-08,,,,,,,,0,,,,,,,,,,,,612535.9099999998,
2012-10-01,,0,,,,,0,,,,,,,,,,,,,686007.3000000002,
2012-09-24,,,,,,,,,,,,,,,,,,,,1325703.7899999996,
2012-09-17,,,,,,,0,,,,,,,,,,,,,1324084.2400000005,0
2012-09-10,,,,,,,0,0,,,,,,,,,,,,1762547.3899999997,
2012-09-03,,,,,,,0,,,,,,,,,,,,,1812576.9500000011,
2012-08-27,,,,,,,0,0,,,,,,,,,,,,2045530.3399999999,
2012-08-20,,,,,,,0,0,,,,,,,,,,,,2498232.9299999992,
2012-08-13,,,,,,,0,,,,,,,,,,,,,2471417.09,
2012-08-06,,,0,,,,0,0,,,,,,,,,,,,3809127.8199999994,
2012-07-30,,,,,,,,0,,,,,,,,,,,,5063216.269999997,
2012-07-23,,0,,,,,,,,,,,,,,,,,,4108699.649999997,
2012-07-16,,0,,,,,,,,,,,,,,,,,,3438301.7599999993,
2012-07-09,,,0,,,,0,,,,,,,,,,,,,1348803.44,
2012-07-02,,,,,,,,0,,,,,,,,,,,,470204.66000000003,
2012-06-25,,0,,,,,,,,,,,,,,,,,,188069.47999999998,
2012-06-18,,,,,,,,,,,,,,,,,,,,246475.32,
2012-06-11,,,,,,,,,,,,,,,,,,,,139639.97,
2012-06-04,,,,,,,,,,,,,,,,,,,,228187.95,
2012-05-28,,,,,,,,,,,,,,,,,,,,102683.40999999999,
2012-05-21,,,,,,,,0,,,,,,,,,,,,135516.59,0
2012-05-14,,,,,,,,,,,,,,,,,,,,132430.62,
2012-05-07,,,,,,,,,,,,,,,,,,,,183130.38,
2012-04-30,,,,,,,,,,,,,,,,,,,,136159.9,
2012-04-23,,,,,,,,,,,,,,,,,,,,132968.9,
2012-04-16,,,,,,,,,,,,,,,,,,,,146576.86000000002,
2012-04-09,,,,,,,,,,,,,,,,,,,,83396.95,
2012-04-02,,,,,,,,,,,,,,,,,,,,97717.23,
2012-03-26,,,,,,,,,,,,,,,,,,,,52817.91,
2012-03-19,,,,,,,,,,,,,,,,,,,,52691.29,
2012-03-12,,,,,,,,,,,,,,,,,,,,138191.08000000002,
2012-03-05,,,,,,,,,,,,,,,,,,,,120562.77,
2012-02-27,,,,,,,,,,,,,,,,,,,,136366.17,
2012-02-20,,,,,,,,,,,,,,,,,,,,94319.75,
2012-02-13,,,,,,,,,,,,,,,,,,,,134493.34,
2012-02-06,,,,,,,,,,,,,,,,,,,,217636.78999999998,
2012-01-30,,,,,,,,,,,,,,,,,,,,263517.32,
2012-01-23,,,,,,,,,,,,,,,,,,,,306430.65,
2012-01-16,,,,,,,,,,,,,,,,,,,,254686.09000000003,
2012-01-09,,,,,,,,,,,,,,,,,,,,582582.52,
2012-01-02,,,,,,,,,,,,,,,,,,,,290411.84,
2011-12-26,,,,,,,,,,,,,,,,,,,,195335.32,
2011-12-19,,,,,,,,,,,,,,,,,,,,198447.83000000002,
2011-12-12,,,,,,,,,,,,,,,,,,,,300169.70999999996,
2011-12-05,,,,,,,,,,,,,,,,,,,,195436.25,
2011-11-28,,,,,,,,,,,,,,,,,,,,148246.41,
2011-11-21,,,,,,,,,,,,,,,,,,,,51119.16,
2011-11-14,,,,,,,,,,,,,,,,,,,,54252.649999999994,
2011-11-07,,,,,,,,,,,,,,,,,,,,56192.02999999999,
2011-10-31,,,,,,,,,,,,,,,,,,,,20174.78,
2011-10-24,,,,,,,,,,,,,,,,,,,,37642.67,
2011-10-17,,,,,,,,,,,,,,,,,,,,26817.29,
2011-10-10,,,,,,,,,,,,,,,,,,,,12757.27,
2011-10-03,,,,,,,,,,,,,,,,,,,,64377.68,
2011-09-26,,,,,,,,,,,,,,,,,,,,156960.31000000003,
2011-09-19,,,,,,,,,,,,,,,,,,,,91888.93,
2011-09-12,,,,,,,,,,,,,,,,,,,,71497.29,
2011-09-05,,,,,,,,,,,,,,,,,,,,83858.37999999999,
2011-08-29,,,,,,,,,,,,,,,,,,,,51363.87,
2011-08-22,,,,,,,,,,,,,,,,,,,,175929.31,
2011-08-15,,,,,,,,,,,,,,,,,,,,144153.22000000003,
2011-08-08,,,,,,,,,,,,,,,,,,,,300098.8,
2011-08-01,,,,,,,,,,,,,,,,,,,,430368.57000000007,
2011-07-25,,,,,,,,,,,,,,,,,,,,452955.8,
2011-07-18,,,,,,,,,,,,,,,,,,,,70762.82,
2011-07-11,,,,,,,,,,,,,,,,,,,,231042.77000000002,
2011-07-04,,,,,,,,,,,,,,,,,,,,16524,
2011-06-27,,,,,,,,,,,,,,,,,,,,51423,
2011-06-20,,,,,,,,,,,,,,,,,,,,100,
2011-06-13,,,,,,,,,,,,,,,,,,,,4100,
2011-06-06,,,,,,,,,,,,,,,,,,,,3459,
2011-05-30,,,,,,,,,,,,,,,,,,,,1100,
2011-05-23,,,,,,,,,,,,,,,,,,,,550,
2011-05-16,,,,,,,,,,,,,,,,,,,,,
2011-05-09,,,,,,,,,,,,,,,,,,,,11432,
2011-05-02,,,,,,,,,,,,,,,,,,,,700,
2011-04-25,,,,,,,,,,,,,,,,,,,,300,
2011-04-18,,,,,,,,,,,,,,,,,,,,1200,
2011-04-11,,,,,,,,,,,,,,,,,,,,1700,
2011-04-04,,,,,,,,,,,,,,,,,,,,,
2011-03-28,,,,,,,,,,,,,,,,,,,,,
2011-03-21,,,,,,,,,,,,,,,,,,,,50,
2011-03-14,,,,,,,,,,,,,,,,,,,,99,
2011-03-07,,,,,,,,,,,,,,,,,,,,0,
2011-02-28,,,,,,,,,,,,,,,,,,,,,
2011-02-21,,,,,,,,,,,,,,,,,,,,,
2011-02-14,,,,,,,,,,,,,,,,,,,,,
2011-02-07,,,,,,,,,,,,,,,,,,,,,
2011-01-31,,,,,,,,,,,,,,,,,,,,0,
2011-01-24,,,,,,,,,,,,,,,,,,,,0,
2011-01-17,,,,,,,,,,,,,,,,,,,,,
2011-01-10,,,,,,,,,,,,,,,,,,,,,
2011-01-03,,,,,,,,,,,,,,,,,,,,0,
,0,0,79.9128767,0,0,0,0,0,0,0,0,0,0,0,0,0,0,0,0,51664.8,0
